user_id,user_password,name,email
1,pass123,Alice Johnson,alice.johnson@example.com
2,pass456,Bob Smith,bob.smith@example.com
3,pass123,John Doe,john.doe@example.com
4,pass456,Jane Doe,jane.doe@example.com
5,pass150,Michael Smith,michael.smith@example.com
6,pass155,Emma Johnson,emma.johnson@example.com
7,pass160,Olivia Williams,olivia.williams@example.com
8,pass165,Noah Brown,noah.brown@example.com
9,pass170,Ava Jones,ava.jones@example.com
10,pass175,Isabella Garcia,isabella.garcia@example.com
11,pass180,Sophia Miller,sophia.miller@example.com
12,pass185,Liam Davis,liam.davis@example.com
13,pass190,Mason Rodriguez,mason.rodriguez@example.com
14,pass195,Logan Martinez,logan.martinez@example.com
15,pass200,Lucas Hernandez,lucas.hernandez@example.com
16,pass205,Jackson Lopez,jackson.lopez@example.com
17,pass210,Aiden Gonzalez,aiden.gonzalez@example.com
18,pass215,Ethan Wilson,ethan.wilson@example.com
19,pass220,James Anderson,james.anderson@example.com
20,pass225,Charlotte Thomas,charlotte.thomas@example.com
21,pass230,Amelia Taylor,amelia.taylor@example.com
22,pass235,Mia Moore,mia.moore@example.com
23,pass240,Harper Jackson,harper.jackson@example.com
24,pass245,Evelyn Martin,evelyn.martin@example.com
